item,domain
Nutrição Capilar Mascara Bambu Mix Bx Nutrição 500g,BEAUTY_AND_PERSONAL_CARE_SUPPLIES
4 Clareador De Dentes Preço 2019 Dente Branco,BEAUTY_AND_PERSONAL_CARE_SUPPLIES
Kit De Reparos Para Dentadura Fixador Denture Repair It,BEAUTY_AND_PERSONAL_CARE_SUPPLIES
Pente Aparador De Costeletas Multi Groom N5-19,BEAUTY_AND_PERSONAL_CARE_SUPPLIES
Progressiva Medio ,BEAUTY_AND_PERSONAL_CARE_SUPPLIES
Borrachinhas Aparelho Ortodontico 5 Cores + Aplicador,BEAUTY_AND_PERSONAL_CARE_SUPPLIES
Dermografo Gr Platinum 6000 ,BEAUTY_AND_PERSONAL_CARE_SUPPLIES
Vitamina C Facial 30g,BEAUTY_AND_PERSONAL_CARE_SUPPLIES
Erva De Banho Aroeira Espada São Jorge Limpeza Defumação,BEAUTY_AND_PERSONAL_CARE_SUPPLIES
Aparelhos Esteticos Da Marca Htm,BEAUTY_AND_PERSONAL_CARE_SUPPLIES
Kit Remover Berruga Periungueal,BEAUTY_AND_PERSONAL_CARE_SUPPLIES
02 Frascos De Silicone Verde Limão - 80ml E 60ml Le Vangee,BEAUTY_AND_PERSONAL_CARE_SUPPLIES
Kit 2 Sabonetes Líquido Cabeça Aos Pés 750ml Johnson's,BEAUTY_AND_PERSONAL_CARE_SUPPLIES
Wahl Lâmina N° 4 Para Max 45 / Km2 / Km5 / Km10,BEAUTY_AND_PERSONAL_CARE_SUPPLIES
Produto Remédio Para Fazer A Barba Crescer Mais Rápido ,BEAUTY_AND_PERSONAL_CARE_SUPPLIES
Nécessaire Kérastase,BEAUTY_AND_PERSONAL_CARE_SUPPLIES
Ziin Ziin Spray Bucal Guaco C/ Própolis 30ml (kit C/12),BEAUTY_AND_PERSONAL_CARE_SUPPLIES
Kit 20 Tirar Verruga Pé Tipos De Verrugas,BEAUTY_AND_PERSONAL_CARE_SUPPLIES
Mão E Pé ,BEAUTY_AND_PERSONAL_CARE_SUPPLIES
Ampola Pantene Hidrata Shot Potencializador 15ml,BEAUTY_AND_PERSONAL_CARE_SUPPLIES
Kit Como Tirar Berruga Cravo Do Pé,BEAUTY_AND_PERSONAL_CARE_SUPPLIES
Kit Acessórios Cabelo Infantil Variados 5 Peças ,BEAUTY_AND_PERSONAL_CARE_SUPPLIES
Organizador De Bancada Antiderrapante P/ Máquina De Barbeiro,BEAUTY_AND_PERSONAL_CARE_SUPPLIES
Fluido Hidratante Colágeno Rigon 250ml,BEAUTY_AND_PERSONAL_CARE_SUPPLIES
Cortador Aparador Para Barbeador Philips S7720 Original,BEAUTY_AND_PERSONAL_CARE_SUPPLIES
10 Frasco Spray 10ml Borrifador Multiuso Perfume Pulverizado,BEAUTY_AND_PERSONAL_CARE_SUPPLIES
Secador Bella Pro Ion Gama,BEAUTY_AND_PERSONAL_CARE_SUPPLIES
Kit 20 Tirar Verrugas Pé Verrugan,BEAUTY_AND_PERSONAL_CARE_SUPPLIES
"Short Redutor, Cinta Diástase Ajustável Vapt Vupt ",BEAUTY_AND_PERSONAL_CARE_SUPPLIES
Kit Salão 2 Botox 1kg + 1 Selagem Organic 1l,BEAUTY_AND_PERSONAL_CARE_SUPPLIES
Hidrolato De Lavanda 150ml- Água Floral 100% Natural Aflorar,BEAUTY_AND_PERSONAL_CARE_SUPPLIES
Adesivo Silicone Rosto Lifting,BEAUTY_AND_PERSONAL_CARE_SUPPLIES
Adesivo Para O Rosto Pads Lifting,BEAUTY_AND_PERSONAL_CARE_SUPPLIES
"Pedraria De Unha, Oval Preciosa Arco Iris 6×10  10pcs",BEAUTY_AND_PERSONAL_CARE_SUPPLIES
Kit Produtos,BEAUTY_AND_PERSONAL_CARE_SUPPLIES
Kit Removedor De Verruga Ou Berruga Do Pé,BEAUTY_AND_PERSONAL_CARE_SUPPLIES
Kit 24 Frasco Decorado Chaveiro Bolsa Porta Álcool Gel 30ml,BEAUTY_AND_PERSONAL_CARE_SUPPLIES
Limpeza Facial Pele Esponja Mágica Esfoliante ,BEAUTY_AND_PERSONAL_CARE_SUPPLIES
Floral Ciúme Vitta Florais,BEAUTY_AND_PERSONAL_CARE_SUPPLIES
Bloqueador De Odor Sanitário Freeco Original Tutti Frutti ,BEAUTY_AND_PERSONAL_CARE_SUPPLIES
Hôtel De Ville 193 O.u.i Original Unique Individual Masc.,BEAUTY_AND_PERSONAL_CARE_SUPPLIES
"T-flex Mormaii Original - Varias Cores Cep 02911.060 - 55,80",BEAUTY_AND_PERSONAL_CARE_SUPPLIES
Dermeclean Anti Envelhecimento,BEAUTY_AND_PERSONAL_CARE_SUPPLIES
Kit 20 Ácido Sacilico Verrugas De Pé Como Tirar,BEAUTY_AND_PERSONAL_CARE_SUPPLIES
Progressiva Brilho Espelhado Gloss Redutor Organico ,BEAUTY_AND_PERSONAL_CARE_SUPPLIES
Lapiseira Labial Vizzela Lipliner 01- Delicada,BEAUTY_AND_PERSONAL_CARE_SUPPLIES
Adesivo Nature Pads Boost,BEAUTY_AND_PERSONAL_CARE_SUPPLIES
Alívio Imediato De Dores E Sensação De Cansaço _ Fisiofort,BEAUTY_AND_PERSONAL_CARE_SUPPLIES
Viviscal Suplemento Para Cabelo Com 180 Tabletes,BEAUTY_AND_PERSONAL_CARE_SUPPLIES
"Kit 5pç Pente De Osso - Chifre  16,00cm",BEAUTY_AND_PERSONAL_CARE_SUPPLIES
Flawles Depilador Elétrico Da Pele Facial,FACIAL_SKIN_CARE_PRODUCTS
1 Serum Hidratante Ácido Hialurônico Anti Rugas Idade Images,FACIAL_SKIN_CARE_PRODUCTS
Exel Creme Antirugas Ahas Complexo Rejuvenescedor - 80 Ml,FACIAL_SKIN_CARE_PRODUCTS
Sérum Alta Potência Vitamina C Botik 30ml - Dia/noite,FACIAL_SKIN_CARE_PRODUCTS
Essência Facial Hidratante Do Soro De Ácido Hialurônico Puti,FACIAL_SKIN_CARE_PRODUCTS
"Derma Roller Smart Microagulhamento 0,50 Com 540 Agulhas",FACIAL_SKIN_CARE_PRODUCTS
Plástica Natural  Eloisa Medina,FACIAL_SKIN_CARE_PRODUCTS
Creme Facial Antissinais Dia Nivea Q10 Power C Fps30 50g,FACIAL_SKIN_CARE_PRODUCTS
Creme Cicatriza Importado Rejuvenecedor,FACIAL_SKIN_CARE_PRODUCTS
Retinol Soro Para Rugas Antienvelhecimento Anvisa 30 Ml,FACIAL_SKIN_CARE_PRODUCTS
Mascara Facial Antienvelhecimento Pele Sensivel Importado,FACIAL_SKIN_CARE_PRODUCTS
Hidratante Facial Antioxidante Renew Com Vitamina C Fps50,FACIAL_SKIN_CARE_PRODUCTS
Sérum Facial Effaclar Ultra Concentrado 30ml La Roche-posay,FACIAL_SKIN_CARE_PRODUCTS
Ácido Glicólico Routine Hinode 30ml,FACIAL_SKIN_CARE_PRODUCTS
Sérum Facial Facial Esthemax Peptiede Cure 30ml Anti,FACIAL_SKIN_CARE_PRODUCTS
Loreal Paris Skincare Wrinkle Expert 45 Antienvelhecimento R,FACIAL_SKIN_CARE_PRODUCTS
Sabonete Prime Pré Maquiagem Sabonete   Limpeza Facial,FACIAL_SKIN_CARE_PRODUCTS
Natura Chronos 60+ Dia Antissinais Fps30-40g Preenchimento,FACIAL_SKIN_CARE_PRODUCTS
Nivea Luminous 630 Antispot Antiolheiras 15ml ,FACIAL_SKIN_CARE_PRODUCTS
Melhor Creme Para O Rosto Que Rejuvenesce Anti Idade,FACIAL_SKIN_CARE_PRODUCTS
"Creme De Leite Com Colágeno E Hidratante, Nutritivo, Hidrata",FACIAL_SKIN_CARE_PRODUCTS
Dor De Tenossinovite E Dores Musculares Tenossinovite De Açã,FACIAL_SKIN_CARE_PRODUCTS
"Creme Facial Hidratante De Retinol, Anti-rugas, Desbota As L",FACIAL_SKIN_CARE_PRODUCTS
Lift Up Da Pele Renovil Ten's Up + Dmae Cinderela Efeito,FACIAL_SKIN_CARE_PRODUCTS
Kit Creme Nova Pele 2 Unidades Original Super Barato!,FACIAL_SKIN_CARE_PRODUCTS
Caudalie Vinosource-hydra S.o.s - Sérum Hidratante 30ml,FACIAL_SKIN_CARE_PRODUCTS
"N Quitstick, Alivia Os Sintomas De Abstinência E Faz Quit 30",FACIAL_SKIN_CARE_PRODUCTS
Creme Repair P - Hidratante De Manhã E Noite 30ml,FACIAL_SKIN_CARE_PRODUCTS
Espuma De Limpeza Facial 100ml Glycoacid Detox Dermolight ,FACIAL_SKIN_CARE_PRODUCTS
Dermage Sérum antioxidante Improve C 20 - 15g,FACIAL_SKIN_CARE_PRODUCTS
Kit Bbglow Serum Gold Starter Ibcccndc 12 Ampolas Original B,FACIAL_SKIN_CARE_PRODUCTS
Água Micelar Dermachem Vitamina C Ìons 250ml - 1 Unidade,FACIAL_SKIN_CARE_PRODUCTS
Pomada Acne Hormonal Espinhas No Rosto Pure Skin,FACIAL_SKIN_CARE_PRODUCTS
Creme Facial Nivea Antissinais 100g ,FACIAL_SKIN_CARE_PRODUCTS
Creme Tvlv Removedor De Olheiras Anti Envelhecimento 30g,FACIAL_SKIN_CARE_PRODUCTS
Almofadas De Silicone Para Rugas No Peito Para Melhorar O So,FACIAL_SKIN_CARE_PRODUCTS
Caneta Peeling Diamante 5 Ponteiras E Kit Facial Promoção,FACIAL_SKIN_CARE_PRODUCTS
Tónico Tónico Facial Resfrescante Mary Kay Botanical Effects Dia/noite Para Todos Os Tipos De Pele De 147ml,FACIAL_SKIN_CARE_PRODUCTS
Ácido Hialurônico Sérum 30ml Anti-rugas ,FACIAL_SKIN_CARE_PRODUCTS
Loção Tônica Clareadora Facial Vitamina C Nupill 60ml,FACIAL_SKIN_CARE_PRODUCTS
Niacinamida Glicerina Malaia Hidratante Hidratante Bri,FACIAL_SKIN_CARE_PRODUCTS
Sérum Principia 10% Niacinamida + 1% Zinco Pca Skin-care,FACIAL_SKIN_CARE_PRODUCTS
"L Acantho Clear Improve Spray De Pele, Desbota Manchas Preta",FACIAL_SKIN_CARE_PRODUCTS
Reviline R Serum Rejuvenescedor Mantecorp Skincare 30ml,FACIAL_SKIN_CARE_PRODUCTS
Creme Hidratante Nutritivo 40 Anos,FACIAL_SKIN_CARE_PRODUCTS
Lisa Esfoliante Bio Soft 220g,FACIAL_SKIN_CARE_PRODUCTS
Active C 10 La Roche-posay  Para Pele Sensível De 30ml,FACIAL_SKIN_CARE_PRODUCTS
Esfoliação Facial Abelha Rainha Aura-r Baba De Caracol 60g,FACIAL_SKIN_CARE_PRODUCTS
Sérum Anti-idade Vichy Neovadiol Meno 30ml,FACIAL_SKIN_CARE_PRODUCTS
Creme High Potency Cream 30g Neostrata Tipo De Pele Normal,FACIAL_SKIN_CARE_PRODUCTS
Kit Com 10 Unidades Espelho De Bolso Redondo Duplo,MAKEUP
Pump De Limpeza Para Unhas E Cuticulas Profissional Manicure,MAKEUP
Tinta Liquida 35 Ml Para Pintura Facial Cores Tons De Pele,MAKEUP
10 Mascaras Higiênica Estek P/ Estética Micropigmentação,MAKEUP
Torre Cremosa Unicórnio Com 5 Cores Color Make,MAKEUP
Kit Esponja Elétrica Facial + Faixa Tiara Maquiagem Mulheres,MAKEUP
Presente Natura Faces Máscara + Batom C/ Nécessaire Boca,MAKEUP
Brush E.l.f - Pincel Brozing,MAKEUP
Tinta Refectocil Preto Azulado Original + Pincel Chanfrado ,MAKEUP
Pó Solto Mac Studio Fix Pro Set + Blur - Medium Deep,MAKEUP
Sombra Pigmento Fand,MAKEUP
Prep Xed Bactericida Para Cuidados Da Unha 120 Ml Profission,MAKEUP
Pele Sintética Lisa Para Treinar Microblading,MAKEUP
Henna Indiana Beauty Henna Castanho Natural,MAKEUP
Foco De Luz Fria Tripe Luminaria Manicure Estetica Estek,MAKEUP
Kit Com 4 Pincel Para Maquiagem Sereia,MAKEUP
"Toalhas Removedoras De Maquiagem 3 Discos Croché Diam 7,5 Cm",MAKEUP
Base Atelier Paris Refil 15ml 4y,MAKEUP
Base.,MAKEUP
Kiss Ny Rk Brush Cleansing Paleta De Silicone Para Limpeza D,MAKEUP
Tinta Hidra Gloss - Marsala 6.26,MAKEUP
Dispenser Garrafa 4 Em 1 Viagem Academia Acampamento Prático,MAKEUP
Revitavit - Fórmula Premium Original (01 Unidade),MAKEUP
Meia Calça Nylon Em Spray Maquiagem Para A Pernas 150ml Neez,MAKEUP
Batom Líquido Matte,MAKEUP
Maquiagem Para Pernas Retok Legs Anaconda Bisnaga 60g Médio,MAKEUP
3 Pancakes Colormake ( Vermelho / Preto E Branco ),MAKEUP
Sombra E Iluminador Bt Mallow- Bruna Tavares,MAKEUP
"O Boticário Make B. Hyaluronic Batom Preenchedor Red 3,4g",MAKEUP
Bt Glitter Lilac Galaxy,MAKEUP
Cilios Posticos New York I-envy Au Naturale 01 Kiss,MAKEUP
1 Lápis Dermatográfico Mitsubishi Branco Marrom Ou Preto,MAKEUP
Top Duo Brohood Preto,MAKEUP
Faixa De Fixação Preta Com Velcro,MAKEUP
Kit Bruna Tavares Paleta Transitions + Máscara Lux Lash,MAKEUP
Touca 2 Pçs - Médica Estética Sobrancelhas Cozinha Manicure,MAKEUP
Conjunto De 4 Pincéis Para Maquiagem Urban Studio Illusion,MAKEUP
Rk Kiss New York Lash&browcomb Pente Para Cílios Sobrancelha,MAKEUP
Glitter Cremoso Pote 5g Ouro Holografico,MAKEUP
Diluidor De Maquiagem Rimel Corretivo Base Sombras Miss Lary,MAKEUP
Kit 200 Unds Mixer Misturador Pigmento Refil Henna,MAKEUP
Pacote De Serviço Manicure Estética Depilação Cliente,MAKEUP
Lapis Retrátil Preto Feels Mood - Ruby Rose,MAKEUP
Escovinha Descartável Com Gliter 50un Cores,MAKEUP
Kit Látex 500ml  +sangue Falso Artificial 500ml P/ Festa,MAKEUP
Kit 2 Colas Spirit Gum  Verniz  10ml P/ Laces E Perucas,MAKEUP
Removedor De Cola Para Pinças Alongamento De Cílios Oferta,MAKEUP
Design C/henna ,MAKEUP
Kit Mini Aqua C/ 5 Cores Primarias 25 Gr,MAKEUP
Paint Stick Catharine Hill E Pigmento Slug Cosplay Simpsons,MAKEUP
